{"cameraMode":{"drawMode":0,"name":"Shaded","section":"Shading Mode"},"sceneLighting":true,"audioPlay":false,"sceneViewState":{"m_AlwaysRefresh":false,"showFog":true,"showSkybox":true,"showFlares":true,"showImageEffects":true,"showParticleSystems":true,"showVisualEffectGraphs":true,"m_FxEnabled":true},"in2DMode":false,"pivot":{"x":3.6391918659210207,"y":86.3430404663086,"z":-3.4200704097747804},"rotation":{"x":0.7000769376754761,"y":0.0002182098978664726,"z":-0.00020181054424028844,"w":0.7140771746635437},"size":3.606869697570801,"orthographic":false}